48969381-K,Shafira,Short,Lloyd,enim.diam@yahoo.edu,natural,1-845-257-7206
39949258-0,Lani,Espinoza,Owens,euismod.ac@hotmail.org,natural,(479) 917-4634
7833316-2,Jelani,Larson,Gomez,vestibulum.massa@yahoo.com,natural,(318) 795-9864
4510639-K,Leila,Hudson,Cole,consequat.dolor@hotmail.edu,natural,1-271-622-4431
2713754-7,Melodie,Bell,Watson,aenean.eget@outlook.edu,juridico,1-487-380-7535
30428494-3,Ori,Luna,Mcintosh,nulla.vulputate@outlook.com,juridico,1-744-608-3985
32104919-2,Eaton,Horton,West,consequat.nec@hotmail.com,natural,1-460-577-6128
38856487-3,Leigh,Baird,Palmer,dapibus.ligula.aliquam@yahoo.edu,juridico,1-339-222-9106
14498259-2,Minerva,Palmer,Santana,eleifend.non.dapibus@yahoo.com,juridico,1-279-265-3034
23183962-3,Eleanor,Bowman,Charles,duis.volutpat@yahoo.ca,juridico,1-452-566-3883
2212699-7,Gillian,Richardson,Hill,mi.pede@google.couk,natural,(318) 208-3693
23509846-6,Hilary,Ferrell,Knox,luctus@hotmail.com,natural,(877) 416-8104
44125192-0,Hall,Pierce,Rowland,ante@icloud.ca,natural,(266) 411-6515
2031881-3,Dieter,Huff,Glenn,sem.consequat.nec@aol.couk,natural,1-987-485-1258
34273928-8,Ross,Ewing,Odom,pellentesque.a.facilisis@aol.couk,natural,(522) 227-1416
1973845-0,Natalie,Knight,Murray,mi.enim.condimentum@aol.net,juridico,1-373-329-0524
3958183-3,Dieter,Becker,Bonner,ultricies.sem@google.net,natural,(763) 658-0838
26386185-K,Drew,Mcdonald,Ellison,proin.vel@yahoo.ca,natural,(349) 381-1841
14826910-6,Ocean,Albert,Schwartz,condimentum@outlook.edu,natural,(398) 137-7112
37116561-4,Patricia,Holland,Nielsen,elit.nulla@protonmail.com,natural,(807) 647-5304
11647411-5,Lydia,Giles,Hobbs,magna.tellus@icloud.net,juridico,1-714-518-3607
48234897-1,Amity,Sweet,Schwartz,ipsum.ac@icloud.edu,natural,1-225-525-5217
20747843-1,Perry,Murphy,Torres,proin.vel@outlook.net,juridico,(546) 873-8085
30342712-0,Anika,Torres,Holder,dignissim@aol.com,juridico,(321) 310-9356
15747929-6,Kadeem,Foley,Perez,in@icloud.com,juridico,1-711-950-6615
45736948-4,Ralph,Morse,O'donnell,aliquet.odio@protonmail.couk,natural,(803) 522-6285
76157-5,Daphne,Ballard,Wiggins,nec.tempus.scelerisque@aol.edu,juridico,1-585-588-9175
48414643-8,Tate,Gillespie,Blankenship,dolor@outlook.ca,natural,1-681-686-4350
44491217-0,Colin,May,Lester,nulla.in.tincidunt@google.ca,natural,1-838-145-3332
8494556-0,Kennan,Talley,Pitts,elit.pellentesque@google.edu,natural,1-731-218-6272
40503743-2,Nehru,Slater,Skinner,diam@hotmail.net,juridico,1-340-850-7528
11875621-5,Ahmed,Vargas,Michael,diam.nunc@google.com,juridico,1-736-458-2851
7559125-K,Colorado,Salazar,Bailey,nulla@protonmail.org,juridico,1-313-147-2603
18205261-2,Kaseem,Rodriquez,Hampton,massa@hotmail.edu,juridico,(326) 306-9388
3789358-7,Hanna,Mcintyre,Meadows,donec.fringilla@google.com,juridico,1-167-533-5856
4576611-K,Sydney,Parsons,Hampton,habitant.morbi@google.org,juridico,(127) 572-3355
1671818-1,Lucy,Kinney,Hayden,nisi.aenean.eget@hotmail.couk,juridico,(589) 836-9768
8568746-8,Lucas,Nunez,Carey,lacus@icloud.org,juridico,(247) 897-7446
8210140-3,Keane,Salas,Farrell,tristique.pellentesque@outlook.ca,natural,(938) 411-1281
2047110-7,Fiona,Gilmore,Fleming,mauris.molestie@yahoo.com,juridico,(816) 874-5513
35903523-3,Joseph,Webster,Boyle,suspendisse.sagittis@protonmail.couk,natural,1-771-337-8421
41567785-5,Amity,Payne,Reese,id@google.org,natural,1-533-773-3150
42224636-3,Ezekiel,Cummings,Wilson,nunc.ut@protonmail.com,natural,(756) 885-3357
45992453-1,Holmes,Barrett,Moran,amet.consectetuer@google.edu,juridico,(417) 446-0130
38169697-9,Tyler,Bonner,Foster,semper@protonmail.couk,juridico,1-584-807-4592
2629603-K,Nero,Greene,Ward,nec.tellus@protonmail.net,natural,1-747-308-5712
9826320-9,Penelope,Reed,Sargent,accumsan.interdum.libero@google.com,juridico,1-839-405-8482
18254919-3,Peter,Ross,Bradley,penatibus.et@hotmail.edu,natural,(846) 477-6006
48888829-3,Jelani,Matthews,Weiss,phasellus.dapibus.quam@icloud.com,juridico,(558) 922-1278
26104958-9,Sydnee,Velasquez,Buckner,luctus.felis.purus@aol.org,juridico,(420) 727-3233
34675181-9,Leo,Dean,Dejesus,magna.sed@protonmail.edu,juridico,1-354-634-7566
21873328-K,Abbot,Eaton,Osborn,cum.sociis.natoque@hotmail.org,natural,(576) 662-3134
23782625-6,Willow,Reed,Alford,cras.vehicula@hotmail.org,juridico,(806) 785-1892
44844474-0,Branden,Mcneil,Carney,nam.ligula@icloud.org,juridico,(497) 126-5111
4985929-5,Leo,Kline,Gilmore,nam.nulla@icloud.net,juridico,1-945-613-5244
45593251-3,Jelani,Hendrix,Wagner,consequat.enim.diam@icloud.ca,juridico,(484) 266-3147
14618289-5,Thaddeus,Horn,Lloyd,arcu.vestibulum@icloud.edu,juridico,(241) 870-6932
39227689-0,Abigail,House,Giles,blandit.mattis@google.ca,natural,1-737-121-2236
36255633-3,Meghan,Langley,Ware,massa@outlook.edu,natural,(768) 777-4136
14654909-8,Debra,Chambers,Rivera,curabitur.dictum@google.ca,natural,(207) 245-7486
21570164-6,Maite,Reyes,Hendricks,in.condimentum.donec@icloud.ca,juridico,(364) 241-4929
40870869-9,Hyatt,Schultz,Alston,dignissim.pharetra.nam@google.ca,juridico,(416) 115-4520
29407573-9,Sybil,Morton,Mcdaniel,et.ultrices@hotmail.net,natural,(547) 758-2664
46681126-2,Dennis,Wiggins,Slater,neque.nullam@icloud.couk,natural,(188) 242-4924
18150377-7,Haviva,Bean,Leonard,vitae.aliquam@google.com,juridico,1-865-458-5202
1932942-9,Orli,Chapman,Paul,fusce.fermentum@google.ca,natural,(687) 243-8768
22117773-8,Baxter,Salazar,Stuart,pede.cum.sociis@hotmail.edu,natural,1-584-242-3245
28768578-5,Gary,Mclean,Cook,nullam.ut@outlook.org,natural,(913) 864-8288
19312696-0,Josiah,Daniel,Mason,duis.cursus.diam@google.com,juridico,(376) 316-1376
47808323-8,Buckminster,Mcneil,Chen,sed@hotmail.net,juridico,(637) 887-6461
43822686-9,Kuame,Glover,Zimmerman,mauris.nulla@outlook.ca,natural,1-528-972-3263
23436668-8,Keith,Conway,Fisher,sodales.mauris@hotmail.ca,natural,1-820-416-7928
32985242-3,Daquan,Carey,Norton,massa@outlook.com,natural,(565) 585-9238
20579107-8,Vaughan,Estes,Martin,fusce.aliquet.magna@hotmail.com,natural,1-337-834-1645
46453644-2,Elmo,Forbes,Rojas,nisi@google.edu,natural,(585) 532-3226
2776623-4,Jana,Hodge,Vance,dignissim.pharetra@outlook.org,natural,(576) 758-8681
108949-8,Aristotle,Hill,Lynn,nec.enim.nunc@outlook.edu,natural,1-811-657-6384
31365252-1,Ian,Horton,Tyson,sem.magna@protonmail.net,natural,(865) 278-6824
33344707-K,Brooke,Mcdaniel,Lowery,turpis.egestas@google.com,natural,1-517-405-1525
30243659-2,Cairo,Duke,Mclean,odio.nam@google.couk,natural,1-411-461-3094
666473-3,Sigourney,Pope,Whitaker,at.libero.morbi@aol.edu,natural,1-450-312-5576
27954370-K,Malik,Hogan,Sullivan,mi.lorem.vehicula@protonmail.org,natural,(322) 557-2304
28713263-8,Phoebe,Barron,Holden,interdum.libero@yahoo.org,natural,(518) 377-6176
36893248-5,Joy,Santiago,Carr,cursus.luctus@outlook.edu,juridico,1-752-884-2069
29205616-8,Jane,Calderon,Patton,phasellus.fermentum@outlook.couk,juridico,1-256-339-3354
859193-8,Desirae,Lambert,Cochran,nunc.in@icloud.com,natural,(738) 825-8462
3836033-7,Rina,Wynn,Thompson,ornare.fusce.mollis@google.net,natural,1-867-324-1418
34593996-2,Fuller,Acevedo,Rosario,ultricies.ligula@protonmail.ca,juridico,(754) 871-3125
24709137-8,Avram,Woodward,Morris,malesuada@icloud.org,juridico,1-406-674-2293
12742911-1,Quemby,Malone,Gilmore,proin.vel@hotmail.com,juridico,(782) 226-6527
13718546-6,Felix,Hobbs,Mullins,ultrices.duis@hotmail.edu,juridico,1-452-184-6973
39261801-5,Alexis,Mendoza,Floyd,tempus.mauris@google.ca,natural,1-705-452-8104
46498817-3,Knox,Lee,Goff,elit.nulla@protonmail.org,natural,(348) 215-1577
4448265-7,Linus,Riley,Hawkins,mauris.rhoncus@outlook.ca,juridico,(828) 412-8541
40162995-5,Randall,Ayala,Delaney,aliquet.lobortis@hotmail.couk,juridico,1-265-314-1189
8920620-0,Mark,Montoya,Parks,faucibus.leo@aol.com,natural,1-829-488-6050
36907404-0,Mira,Hopkins,Hampton,tellus@hotmail.org,juridico,(203) 858-2353
46220619-4,Nadine,Barrett,Little,quisque@hotmail.couk,juridico,(991) 485-5625
43811930-2,Russell,Everett,Frank,a.purus@icloud.ca,juridico,(861) 262-4374
16591322-1,Dora,Reynolds,Foreman,donec.porttitor.tellus@yahoo.edu,natural,(209) 519-2682
